game_made_with,count
,1589
unity,1054
godot,154
gimp,31
adobe photoshop,35
fl studio,11
gamemaker: studio,162
construct,156
magicavoxel,4
pico-8,63
aseprite,68
audacity,49
lmms,9
clickteam fusion,4
box2d,1
bosca ceoil,11
piskel,8
bitsy,12
löve,31
phaser,55
adobe illustrator,5
blender,36
clip studio paint,3
twine,23
sfml,4
bfxr,30
paint.net,16
pixijs,15
unreal engine,14
rpg maker,35
haxe,3
flashdevelop,2
openfl,14
monogame,2
pygame,2
pyxel edit,9
krita,15
tic-80,12
p5.js,3
inkscape,12
kenney studio,1
processing,2
htc vive,1
oculus rift,5
tiled,13
sdl,4
ct.js,4
sublime text,4
flickgame,1
libgdx,16
milkytracker,2
impact,1
adobe after effects,1
superpowers,2
sprytile,1
paint tool sai,3
cinema 4d,1
substance painter & designer,2
gb studio,1
melonjs,1
defold,12
puzzlescript,3
logic pro,1
chiptone,1
stencyl,1
three.js,2
fna,1
ren'py,1
appgamekit,1
rust,1
corona sdk,2
